code,term,dmd_id,dmd_type,bnf_code
39708411000001103,Dexamfetamine 5mg tablets,39708411000001103,VMP,0404000L0AAAJAJ
18033411000001104,Dexamfetamine 5mg tablets,18033411000001104,AMP,0404000L0AAAJAJ
18032311000001101,Dexamfetamine 5mg tablets,18032311000001101,AMP,0404000L0AAAJAJ
42219911000001103,Dexamfetamine 5mg tablets,42219911000001103,AMP,0404000L0AAAJAJ
37237111000001104,Dexamfetamine 5mg tablets,37237111000001104,AMP,0404000L0AAAJAJ
38868311000001108,Dexamfetamine 5mg tablets,38868311000001108,AMP,0404000L0AAAJAJ
18106911000001104,Dexamfetamine 5mg tablets,18106911000001104,AMP,0404000L0AAAJAJ
40657211000001102,Dexamfetamine 5mg tablets,40657211000001102,AMP,0404000L0AAAJAJ
17871611000001105,Dexamfetamine 5mg tablets,17871611000001105,AMP,0404000L0AAAJAJ
24670011000001107,Dexamfetamine 5mg/5ml oral solution sugar free,24670011000001107,VMP,0404000L0AABMBM
24792811000001102,Dexamfetamine 5mg/5ml oral solution sugar free,24792811000001102,AMP,0404000L0AABMBM
24669811000001103,Dexamfetamine 5mg/5ml oral solution sugar free,24669811000001103,AMP,0404000L0AABMBM
30005211000001106,Dexamfetamine 5mg/5ml oral solution sugar free,30005211000001106,AMP,0404000L0AABMBM
33595811000001106,Dexamfetamine 10mg tablets,33595811000001106,VMP,0404000L0AABNBN
33595911000001101,Dexamfetamine 20mg tablets,33595911000001101,VMP,0404000L0AABPBP
3145411000001109,Dexedrine 5mg tablets,3145411000001109,AMP,0404000L0BBAAAJ
30742411000001106,Amfexa 5mg tablets,30742411000001106,AMP,0404000L0BGAAAJ
33589611000001109,Amfexa 10mg tablets,33589611000001109,AMP,0404000L0BGABBN
33590111000001107,Amfexa 20mg tablets,33590111000001107,AMP,0404000L0BGACBP
42014311000001106,Methylphenidate 10mg tablets,42014311000001106,VMP,0404000M0AAAAAA
7623911000001108,Methylphenidate 10mg tablets,7623911000001108,AMP,0404000M0AAAAAA
22408111000001106,Methylphenidate 10mg tablets,22408111000001106,AMP,0404000M0AAAAAA
7848711000001108,Methylphenidate 10mg tablets,7848711000001108,AMP,0404000M0AAAAAA
24382711000001108,Methylphenidate 10mg tablets,24382711000001108,AMP,0404000M0AAAAAA
18079611000001101,Methylphenidate 10mg tablets,18079611000001101,AMP,0404000M0AAAAAA
39041711000001106,Methylphenidate 10mg tablets,39041711000001106,AMP,0404000M0AAAAAA
7940611000001108,Methylphenidate 10mg tablets,7940611000001108,AMP,0404000M0AAAAAA
33606111000001102,Methylphenidate 10mg tablets,33606111000001102,AMP,0404000M0AAAAAA
21796911000001104,Methylphenidate 10mg tablets,21796911000001104,AMP,0404000M0AAAAAA
36124111000001109,Methylphenidate 20mg modified-release tablets,36124111000001109,VMP,0404000M0AAAHAH
11484211000001107,Methylphenidate 20mg modified-release tablets,11484211000001107,AMP,0404000M0AAAHAH
42014511000001100,Methylphenidate 5mg tablets,42014511000001100,VMP,0404000M0AAAJAJ
7623711000001106,Methylphenidate 5mg tablets,7623711000001106,AMP,0404000M0AAAJAJ
22407211000001104,Methylphenidate 5mg tablets,22407211000001104,AMP,0404000M0AAAJAJ
24383111000001101,Methylphenidate 5mg tablets,24383111000001101,AMP,0404000M0AAAJAJ
18079411000001104,Methylphenidate 5mg tablets,18079411000001104,AMP,0404000M0AAAJAJ
39042111000001100,Methylphenidate 5mg tablets,39042111000001100,AMP,0404000M0AAAJAJ
33605411000001103,Methylphenidate 5mg tablets,33605411000001103,AMP,0404000M0AAAJAJ
21796711000001101,Methylphenidate 5mg tablets,21796711000001101,AMP,0404000M0AAAJAJ
42014411000001104,Methylphenidate 20mg tablets,42014411000001104,VMP,0404000M0AAAKAK
7624411000001102,Methylphenidate 20mg tablets,7624411000001102,AMP,0404000M0AAAKAK
22407911000001108,Methylphenidate 20mg tablets,22407911000001108,AMP,0404000M0AAAKAK
24382911000001105,Methylphenidate 20mg tablets,24382911000001105,AMP,0404000M0AAAKAK
18079811000001102,Methylphenidate 20mg tablets,18079811000001102,AMP,0404000M0AAAKAK
39041911000001108,Methylphenidate 20mg tablets,39041911000001108,AMP,0404000M0AAAKAK
18727311000001104,Methylphenidate 20mg tablets,18727311000001104,AMP,0404000M0AAAKAK
33606611000001105,Methylphenidate 20mg tablets,33606611000001105,AMP,0404000M0AAAKAK
21797111000001104,Methylphenidate 20mg tablets,21797111000001104,AMP,0404000M0AAAKAK
36123511000001103,Methylphenidate 18mg modified-release tablets,36123511000001103,VMP,0404000M0AAAMAM
43210911000001100,Methylphenidate 18mg modified-release tablets,43210911000001100,AMP,0404000M0AAAMAM
36124511000001100,Methylphenidate 36mg modified-release tablets,36124511000001100,VMP,0404000M0AAANAN
43211911000001107,Methylphenidate 36mg modified-release tablets,43211911000001107,AMP,0404000M0AAANAN
36124011000001108,Methylphenidate 20mg modified-release capsules,36124011000001108,VMP,0404000M0AAAQAQ
36124811000001102,Methylphenidate 54mg modified-release tablets,36124811000001102,VMP,0404000M0AAARAR
43212411000001109,Methylphenidate 54mg modified-release tablets,43212411000001109,AMP,0404000M0AAARAR
15878711000001107,Methylphenidate 54mg modified-release tablets,15878711000001107,AMP,0404000M0AAARAR
36124211000001103,Methylphenidate 27mg modified-release tablets,36124211000001103,VMP,0404000M0AAATAT
43211511000001100,Methylphenidate 27mg modified-release tablets,43211511000001100,AMP,0404000M0AAATAT
36123411000001102,Methylphenidate 10mg modified-release capsules,36123411000001102,VMP,0404000M0AAAUAU
36124311000001106,Methylphenidate 30mg modified-release capsules,36124311000001106,VMP,0404000M0AAAVAV
36124611000001101,Methylphenidate 40mg modified-release capsules,36124611000001101,VMP,0404000M0AAAWAW
19448911000001107,Methylphenidate 5mg modified-release capsules,19448911000001107,VMP,0404000M0AAAYAY
36124711000001105,Methylphenidate 50mg modified-release capsules,36124711000001105,VMP,0404000M0AAAZAZ
24510311000001109,Methylphenidate 60mg modified-release capsules,24510311000001109,VMP,0404000M0AABABA
38211000001100,Ritalin 10mg tablets,38211000001100,AMP,0404000M0BBAAAA
8572511000001108,Ritalin-SR 20mg tablets,8572511000001108,AMP,0404000M0BBABAH
37931111000001107,Ritalin XL 10mg capsules,37931111000001107,AMP,0404000M0BBACAU
37931511000001103,Ritalin XL 20mg capsules,37931511000001103,AMP,0404000M0BBADAQ
37931711000001108,Ritalin XL 30mg capsules,37931711000001108,AMP,0404000M0BBAEAV
37931911000001105,Ritalin XL 60mg capsules,37931911000001105,AMP,0404000M0BBAFBA
37933011000001107,Ritalin XL 40mg capsules,37933011000001107,AMP,0404000M0BBAGAW
172011000001102,Equasym 10mg tablets,172011000001102,AMP,0404000M0BCABAA
758611000001100,Equasym 20mg tablets,758611000001100,AMP,0404000M0BCACAK
9098511000001102,Equasym XL 10mg capsules,9098511000001102,AMP,0404000M0BCADAU
9098811000001104,Equasym XL 20mg capsules,9098811000001104,AMP,0404000M0BCAEAQ
9099511000001108,Equasym XL 30mg capsules,9099511000001108,AMP,0404000M0BCAFAV
711211000001101,Concerta XL 18mg tablets,711211000001101,AMP,0404000M0BDAAAM
615611000001106,Concerta XL 36mg tablets,615611000001106,AMP,0404000M0BDABAN
7399811000001104,Concerta 54mg modified-release tablets,7399811000001104,AMP,0404000M0BDACAR
7399511000001102,Concerta 27mg modified-release tablets,7399511000001102,AMP,0404000M0BDADAT
11464911000001101,Concerta XL 27mg tablets,11464911000001101,AMP,0404000M0BDAEAT
28943011000001100,Concerta XL 54mg tablets,28943011000001100,AMP,0404000M0BDAFAR
77611000001100,Tranquilyn 5mg tablets,77611000001100,AMP,0404000M0BFAAAJ
205811000001105,Tranquilyn 10mg tablets,205811000001105,AMP,0404000M0BFABAA
410411000001103,Tranquilyn 20mg tablets,410411000001103,AMP,0404000M0BFACAK
11273111000001108,Medikinet 5mg tablets,11273111000001108,AMP,0404000M0BGAAAJ
11273311000001105,Medikinet 10mg tablets,11273311000001105,AMP,0404000M0BGABAA
11273511000001104,Medikinet 20mg tablets,11273511000001104,AMP,0404000M0BGACAK
11274111000001105,Medikinet XL 10mg capsules,11274111000001105,AMP,0404000M0BGADAU
11273711000001109,Medikinet XL 20mg capsules,11273711000001109,AMP,0404000M0BGAEAQ
11274411000001100,Medikinet XL 30mg capsules,11274411000001100,AMP,0404000M0BGAFAV
11274711000001106,Medikinet XL 40mg capsules,11274711000001106,AMP,0404000M0BGAGAW
19375811000001104,Medikinet XL 5mg capsules,19375811000001104,AMP,0404000M0BGAHAY
24501411000001108,Medikinet XL 50mg capsules,24501411000001108,AMP,0404000M0BGAIAZ
24501711000001102,Medikinet XL 60mg capsules,24501711000001102,AMP,0404000M0BGAJBA
27293711000001101,Matoride XL 36mg tablets,27293711000001101,AMP,0404000M0BHAAAN
27294411000001105,Matoride XL 54mg tablets,27294411000001105,AMP,0404000M0BHABAR
28006611000001102,Matoride XL 18mg tablets,28006611000001102,AMP,0404000M0BHACAM
27786011000001102,Xenidate XL 18mg tablets,27786011000001102,AMP,0404000M0BIAAAM
27787211000001109,Xenidate XL 36mg tablets,27787211000001109,AMP,0404000M0BIACAN
30794211000001109,Xenidate XL 54mg tablets,30794211000001109,AMP,0404000M0BIADAR
32624711000001108,Xenidate XL 27mg tablets,32624711000001108,AMP,0404000M0BIAEAT
34001511000001108,Delmosart 18mg modified-release tablets,34001511000001108,AMP,0404000M0BJAAAM
34002411000001104,Delmosart 27mg modified-release tablets,34002411000001104,AMP,0404000M0BJABAT
34002611000001101,Delmosart 36mg modified-release tablets,34002611000001101,AMP,0404000M0BJACAN
34002811000001102,Delmosart 54mg modified-release tablets,34002811000001102,AMP,0404000M0BJADAR
34248111000001107,Xaggitin XL 18mg tablets,34248111000001107,AMP,0404000M0BKAAAM
34248811000001100,Xaggitin XL 27mg tablets,34248811000001100,AMP,0404000M0BKABAT
34248311000001109,Xaggitin XL 36mg tablets,34248311000001109,AMP,0404000M0BKACAN
34248611000001104,Xaggitin XL 54mg tablets,34248611000001104,AMP,0404000M0BKADAR
40476811000001103,Metyrol XL 10mg capsules,40476811000001103,AMP,0404000M0BLAAAU
40477511000001104,Metyrol XL 20mg capsules,40477511000001104,AMP,0404000M0BLABAQ
40478711000001105,Metyrol XL 30mg capsules,40478711000001105,AMP,0404000M0BLACAV
40479111000001102,Metyrol XL 40mg capsules,40479111000001102,AMP,0404000M0BLADAW
40479311000001100,Metyrol XL 60mg capsules,40479311000001100,AMP,0404000M0BLAEBA
41063411000001100,Affenid XL 18mg tablets,41063411000001100,AMP,0404000M0BMAAAM
41063711000001106,Affenid XL 27mg tablets,41063711000001106,AMP,0404000M0BMABAT
41063911000001108,Affenid XL 36mg tablets,41063911000001108,AMP,0404000M0BMACAN
41064111000001107,Affenid XL 54mg tablets,41064111000001107,AMP,0404000M0BMADAR
42008411000001106,Atomoxetine 10mg capsules,42008411000001106,VMP,0404000S0AAAAAA
37303911000001105,Atomoxetine 10mg capsules,37303911000001105,AMP,0404000S0AAAAAA
37277411000001106,Atomoxetine 10mg capsules,37277411000001106,AMP,0404000S0AAAAAA
37301411000001101,Atomoxetine 10mg capsules,37301411000001101,AMP,0404000S0AAAAAA
37244211000001104,Atomoxetine 10mg capsules,37244211000001104,AMP,0404000S0AAAAAA
37594411000001100,Atomoxetine 10mg capsules,37594411000001100,AMP,0404000S0AAAAAA
39660211000001109,Atomoxetine 10mg capsules,39660211000001109,AMP,0404000S0AAAAAA
37327411000001104,Atomoxetine 10mg capsules,37327411000001104,AMP,0404000S0AAAAAA
37534211000001106,Atomoxetine 10mg capsules,37534211000001106,AMP,0404000S0AAAAAA
37403411000001108,Atomoxetine 10mg capsules,37403411000001108,AMP,0404000S0AAAAAA
38798711000001108,Atomoxetine 10mg capsules,38798711000001108,AMP,0404000S0AAAAAA
41131811000001103,Atomoxetine 10mg capsules,41131811000001103,AMP,0404000S0AAAAAA
37858111000001106,Atomoxetine 10mg capsules,37858111000001106,AMP,0404000S0AAAAAA
37130411000001108,Atomoxetine 10mg capsules,37130411000001108,AMP,0404000S0AAAAAA
36938511000001107,Atomoxetine 10mg capsules,36938511000001107,AMP,0404000S0AAAAAA
37253411000001101,Atomoxetine 10mg capsules,37253411000001101,AMP,0404000S0AAAAAA
42008711000001100,Atomoxetine 40mg capsules,42008711000001100,VMP,0404000S0AAABAB
37304511000001100,Atomoxetine 40mg capsules,37304511000001100,AMP,0404000S0AAABAB
37277111000001101,Atomoxetine 40mg capsules,37277111000001101,AMP,0404000S0AAABAB
37302011000001102,Atomoxetine 40mg capsules,37302011000001102,AMP,0404000S0AAABAB
37244811000001103,Atomoxetine 40mg capsules,37244811000001103,AMP,0404000S0AAABAB
37595211000001103,Atomoxetine 40mg capsules,37595211000001103,AMP,0404000S0AAABAB
39659611000001107,Atomoxetine 40mg capsules,39659611000001107,AMP,0404000S0AAABAB
37328211000001104,Atomoxetine 40mg capsules,37328211000001104,AMP,0404000S0AAABAB
37535411000001106,Atomoxetine 40mg capsules,37535411000001106,AMP,0404000S0AAABAB
42159211000001103,Atomoxetine 40mg capsules,42159211000001103,AMP,0404000S0AAABAB
37404511000001105,Atomoxetine 40mg capsules,37404511000001105,AMP,0404000S0AAABAB
38799411000001105,Atomoxetine 40mg capsules,38799411000001105,AMP,0404000S0AAABAB
41925311000001105,Atomoxetine 40mg capsules,41925311000001105,AMP,0404000S0AAABAB
37900111000001107,Atomoxetine 40mg capsules,37900111000001107,AMP,0404000S0AAABAB
37132511000001108,Atomoxetine 40mg capsules,37132511000001108,AMP,0404000S0AAABAB
36939711000001106,Atomoxetine 40mg capsules,36939711000001106,AMP,0404000S0AAABAB
37254311000001105,Atomoxetine 40mg capsules,37254311000001105,AMP,0404000S0AAABAB
42008511000001105,Atomoxetine 18mg capsules,42008511000001105,VMP,0404000S0AAACAC
37304111000001109,Atomoxetine 18mg capsules,37304111000001109,AMP,0404000S0AAACAC
37276511000001108,Atomoxetine 18mg capsules,37276511000001108,AMP,0404000S0AAACAC
37301611000001103,Atomoxetine 18mg capsules,37301611000001103,AMP,0404000S0AAACAC
37244411000001100,Atomoxetine 18mg capsules,37244411000001100,AMP,0404000S0AAACAC
37594711000001106,Atomoxetine 18mg capsules,37594711000001106,AMP,0404000S0AAACAC
39660011000001104,Atomoxetine 18mg capsules,39660011000001104,AMP,0404000S0AAACAC
37327611000001101,Atomoxetine 18mg capsules,37327611000001101,AMP,0404000S0AAACAC
37535211000001107,Atomoxetine 18mg capsules,37535211000001107,AMP,0404000S0AAACAC
37403611000001106,Atomoxetine 18mg capsules,37403611000001106,AMP,0404000S0AAACAC
38799011000001101,Atomoxetine 18mg capsules,38799011000001101,AMP,0404000S0AAACAC
41924011000001108,Atomoxetine 18mg capsules,41924011000001108,AMP,0404000S0AAACAC
37858311000001108,Atomoxetine 18mg capsules,37858311000001108,AMP,0404000S0AAACAC
37130911000001100,Atomoxetine 18mg capsules,37130911000001100,AMP,0404000S0AAACAC
36938811000001105,Atomoxetine 18mg capsules,36938811000001105,AMP,0404000S0AAACAC
37253711000001107,Atomoxetine 18mg capsules,37253711000001107,AMP,0404000S0AAACAC
42008611000001109,Atomoxetine 25mg capsules,42008611000001109,VMP,0404000S0AAADAD
37304311000001106,Atomoxetine 25mg capsules,37304311000001106,AMP,0404000S0AAADAD
37276811000001106,Atomoxetine 25mg capsules,37276811000001106,AMP,0404000S0AAADAD
37301811000001104,Atomoxetine 25mg capsules,37301811000001104,AMP,0404000S0AAADAD
37244611000001102,Atomoxetine 25mg capsules,37244611000001102,AMP,0404000S0AAADAD
37595011000001108,Atomoxetine 25mg capsules,37595011000001108,AMP,0404000S0AAADAD
39659811000001106,Atomoxetine 25mg capsules,39659811000001106,AMP,0404000S0AAADAD
37328011000001109,Atomoxetine 25mg capsules,37328011000001109,AMP,0404000S0AAADAD
37531811000001105,Atomoxetine 25mg capsules,37531811000001105,AMP,0404000S0AAADAD
37403811000001105,Atomoxetine 25mg capsules,37403811000001105,AMP,0404000S0AAADAD
38799211000001106,Atomoxetine 25mg capsules,38799211000001106,AMP,0404000S0AAADAD
41924611000001101,Atomoxetine 25mg capsules,41924611000001101,AMP,0404000S0AAADAD
37858511000001102,Atomoxetine 25mg capsules,37858511000001102,AMP,0404000S0AAADAD
37133011000001109,Atomoxetine 25mg capsules,37133011000001109,AMP,0404000S0AAADAD
36939311000001107,Atomoxetine 25mg capsules,36939311000001107,AMP,0404000S0AAADAD
37254011000001107,Atomoxetine 25mg capsules,37254011000001107,AMP,0404000S0AAADAD
42008811000001108,Atomoxetine 60mg capsules,42008811000001108,VMP,0404000S0AAAEAE
37304711000001105,Atomoxetine 60mg capsules,37304711000001105,AMP,0404000S0AAAEAE
37276311000001102,Atomoxetine 60mg capsules,37276311000001102,AMP,0404000S0AAAEAE
37302211000001107,Atomoxetine 60mg capsules,37302211000001107,AMP,0404000S0AAAEAE
37245011000001108,Atomoxetine 60mg capsules,37245011000001108,AMP,0404000S0AAAEAE
37595511000001100,Atomoxetine 60mg capsules,37595511000001100,AMP,0404000S0AAAEAE
39659411000001109,Atomoxetine 60mg capsules,39659411000001109,AMP,0404000S0AAAEAE
37328511000001101,Atomoxetine 60mg capsules,37328511000001101,AMP,0404000S0AAAEAE
37532411000001103,Atomoxetine 60mg capsules,37532411000001103,AMP,0404000S0AAAEAE
42159411000001104,Atomoxetine 60mg capsules,42159411000001104,AMP,0404000S0AAAEAE
37405711000001101,Atomoxetine 60mg capsules,37405711000001101,AMP,0404000S0AAAEAE
38799611000001108,Atomoxetine 60mg capsules,38799611000001108,AMP,0404000S0AAAEAE
41925911000001106,Atomoxetine 60mg capsules,41925911000001106,AMP,0404000S0AAAEAE
37900311000001109,Atomoxetine 60mg capsules,37900311000001109,AMP,0404000S0AAAEAE
37133611000001102,Atomoxetine 60mg capsules,37133611000001102,AMP,0404000S0AAAEAE
36939911000001108,Atomoxetine 60mg capsules,36939911000001108,AMP,0404000S0AAAEAE
37254611000001100,Atomoxetine 60mg capsules,37254611000001100,AMP,0404000S0AAAEAE
42008911000001103,Atomoxetine 80mg capsules,42008911000001103,VMP,0404000S0AAAFAF
37304911000001107,Atomoxetine 80mg capsules,37304911000001107,AMP,0404000S0AAAFAF
37275711000001106,Atomoxetine 80mg capsules,37275711000001106,AMP,0404000S0AAAFAF
37302411000001106,Atomoxetine 80mg capsules,37302411000001106,AMP,0404000S0AAAFAF
37245211000001103,Atomoxetine 80mg capsules,37245211000001103,AMP,0404000S0AAAFAF
37595911000001107,Atomoxetine 80mg capsules,37595911000001107,AMP,0404000S0AAAFAF
39659211000001105,Atomoxetine 80mg capsules,39659211000001105,AMP,0404000S0AAAFAF
37328811000001103,Atomoxetine 80mg capsules,37328811000001103,AMP,0404000S0AAAFAF
37533211000001108,Atomoxetine 80mg capsules,37533211000001108,AMP,0404000S0AAAFAF
37406411000001103,Atomoxetine 80mg capsules,37406411000001103,AMP,0404000S0AAAFAF
38799811000001107,Atomoxetine 80mg capsules,38799811000001107,AMP,0404000S0AAAFAF
41926411000001107,Atomoxetine 80mg capsules,41926411000001107,AMP,0404000S0AAAFAF
37902211000001100,Atomoxetine 80mg capsules,37902211000001100,AMP,0404000S0AAAFAF
37134011000001106,Atomoxetine 80mg capsules,37134011000001106,AMP,0404000S0AAAFAF
36940111000001101,Atomoxetine 80mg capsules,36940111000001101,AMP,0404000S0AAAFAF
37255211000001101,Atomoxetine 80mg capsules,37255211000001101,AMP,0404000S0AAAFAF
42008311000001104,Atomoxetine 100mg capsules,42008311000001104,VMP,0404000S0AAAHAH
37305111000001108,Atomoxetine 100mg capsules,37305111000001108,AMP,0404000S0AAAHAH
37276111000001104,Atomoxetine 100mg capsules,37276111000001104,AMP,0404000S0AAAHAH
37302611000001109,Atomoxetine 100mg capsules,37302611000001109,AMP,0404000S0AAAHAH
37245411000001104,Atomoxetine 100mg capsules,37245411000001104,AMP,0404000S0AAAHAH
37596111000001103,Atomoxetine 100mg capsules,37596111000001103,AMP,0404000S0AAAHAH
39659011000001100,Atomoxetine 100mg capsules,39659011000001100,AMP,0404000S0AAAHAH
37329011000001104,Atomoxetine 100mg capsules,37329011000001104,AMP,0404000S0AAAHAH
37533711000001101,Atomoxetine 100mg capsules,37533711000001101,AMP,0404000S0AAAHAH
37407611000001103,Atomoxetine 100mg capsules,37407611000001103,AMP,0404000S0AAAHAH
38798511000001103,Atomoxetine 100mg capsules,38798511000001103,AMP,0404000S0AAAHAH
41923511000001103,Atomoxetine 100mg capsules,41923511000001103,AMP,0404000S0AAAHAH
37902411000001101,Atomoxetine 100mg capsules,37902411000001101,AMP,0404000S0AAAHAH
37134411000001102,Atomoxetine 100mg capsules,37134411000001102,AMP,0404000S0AAAHAH
36940311000001104,Atomoxetine 100mg capsules,36940311000001104,AMP,0404000S0AAAHAH
37255411000001102,Atomoxetine 100mg capsules,37255411000001102,AMP,0404000S0AAAHAH
30196911000001102,Atomoxetine 4mg/ml oral solution sugar free,30196911000001102,VMP,0404000S0AAAKAK
42310411000001109,Atomoxetine 4mg/ml oral solution sugar free,42310411000001109,AMP,0404000S0AAAKAK
42399911000001108,Atomoxetine 4mg/ml oral solution sugar free,42399911000001108,AMP,0404000S0AAAKAK
42251211000001101,Atomoxetine 4mg/ml oral solution sugar free,42251211000001101,AMP,0404000S0AAAKAK
7643611000001100,Strattera 10mg capsules,7643611000001100,AMP,0404000S0BBAAAA
7650411000001109,Strattera 40mg capsules,7650411000001109,AMP,0404000S0BBABAB
7649411000001101,Strattera 18mg capsules,7649411000001101,AMP,0404000S0BBACAC
7649911000001109,Strattera 25mg capsules,7649911000001109,AMP,0404000S0BBADAD
7650811000001106,Strattera 60mg capsules,7650811000001106,AMP,0404000S0BBAEAE
13868711000001105,Strattera 80mg capsules,13868711000001105,AMP,0404000S0BBAFAF
21704511000001102,Strattera 100mg capsules,21704511000001102,AMP,0404000S0BBAGAH
30168511000001108,Strattera 4mg/1ml oral solution,30168511000001108,AMP,0404000S0BBAHAK
39660711000001102,ATOMAID 100mg capsules,39660711000001102,AMP,0404000S0BCAAAH
39660911000001100,ATOMAID 80mg capsules,39660911000001100,AMP,0404000S0BCABAF
39661111000001109,ATOMAID 60mg capsules,39661111000001109,AMP,0404000S0BCACAE
39661311000001106,ATOMAID 40mg capsules,39661311000001106,AMP,0404000S0BCADAB
39661511000001100,ATOMAID 25mg capsules,39661511000001100,AMP,0404000S0BCAEAD
39661711000001105,ATOMAID 18mg capsules,39661711000001105,AMP,0404000S0BCAFAC
39661911000001107,ATOMAID 10mg capsules,39661911000001107,AMP,0404000S0BCAGAA
42013311000001109,Lisdexamfetamine 20mg capsules,42013311000001109,VMP,0404000U0AAAAAA
42640311000001103,Lisdexamfetamine 20mg capsules,42640311000001103,AMP,0404000U0AAAAAA
42013411000001102,Lisdexamfetamine 30mg capsules,42013411000001102,VMP,0404000U0AAABAB
42415211000001108,Lisdexamfetamine 30mg capsules,42415211000001108,AMP,0404000U0AAABAB
42013511000001103,Lisdexamfetamine 40mg capsules,42013511000001103,VMP,0404000U0AAACAC
42415411000001107,Lisdexamfetamine 40mg capsules,42415411000001107,AMP,0404000U0AAACAC
42013611000001104,Lisdexamfetamine 50mg capsules,42013611000001104,VMP,0404000U0AAADAD
42415611000001105,Lisdexamfetamine 50mg capsules,42415611000001105,AMP,0404000U0AAADAD
42013711000001108,Lisdexamfetamine 60mg capsules,42013711000001108,VMP,0404000U0AAAEAE
42640611000001108,Lisdexamfetamine 60mg capsules,42640611000001108,AMP,0404000U0AAAEAE
42013811000001100,Lisdexamfetamine 70mg capsules,42013811000001100,VMP,0404000U0AAAFAF
42415811000001109,Lisdexamfetamine 70mg capsules,42415811000001109,AMP,0404000U0AAAFAF
17982511000001100,Vyvanse 20mg capsules,17982511000001100,AMP,0404000U0BBAAAA
18360311000001105,Vyvanse 30mg capsules,18360311000001105,AMP,0404000U0BBABAB
18360611000001100,Vyvanse 40mg capsules,18360611000001100,AMP,0404000U0BBACAC
18360911000001106,Vyvanse 50mg capsules,18360911000001106,AMP,0404000U0BBADAD
18361211000001108,Vyvanse 60mg capsules,18361211000001108,AMP,0404000U0BBAEAE
18361511000001106,Vyvanse 70mg capsules,18361511000001106,AMP,0404000U0BBAFAF
22263211000001108,Elvanse 30mg capsules,22263211000001108,AMP,0404000U0BCAAAB
21963711000001101,Elvanse 70mg capsules,21963711000001101,AMP,0404000U0BCABAF
21964011000001101,Elvanse 50mg capsules,21964011000001101,AMP,0404000U0BCACAD
32271111000001106,Elvanse 20mg capsules,32271111000001106,AMP,0404000U0BCADAA
32272011000001102,Elvanse 40mg capsules,32272011000001102,AMP,0404000U0BCAEAC
32272411000001106,Elvanse 60mg capsules,32272411000001106,AMP,0404000U0BCAFAE
29762011000001109,Elvanse Adult 30mg capsules,29762011000001109,AMP,0404000U0BDAAAB
29762411000001100,Elvanse Adult 50mg capsules,29762411000001100,AMP,0404000U0BDABAD
29762811000001103,Elvanse Adult 70mg capsules,29762811000001103,AMP,0404000U0BDACAF
31087811000001108,Guanfacine 3mg modified-release tablets,31087811000001108,VMP,0404000V0AAAAAA
42836911000001106,Guanfacine 3mg modified-release tablets,42836911000001106,AMP,0404000V0AAAAAA
31087911000001103,Guanfacine 4mg modified-release tablets,31087911000001103,VMP,0404000V0AAABAB
31087611000001109,Guanfacine 1mg modified-release tablets,31087611000001109,VMP,0404000V0AAACAC
31087711000001100,Guanfacine 2mg modified-release tablets,31087711000001100,VMP,0404000V0AAADAD
42836611000001100,Guanfacine 2mg modified-release tablets,42836611000001100,AMP,0404000V0AAADAD
31074611000001106,Intuniv 3mg modified-release tablets,31074611000001106,AMP,0404000V0BBAAAA
31074911000001100,Intuniv 4mg modified-release tablets,31074911000001100,AMP,0404000V0BBABAB
31074011000001104,Intuniv 1mg modified-release tablets,31074011000001104,AMP,0404000V0BBACAC
31074311000001101,Intuniv 2mg modified-release tablets,31074311000001101,AMP,0404000V0BBADAD
322012000,VMP previous to 39708411000001103,322012000,VMP,0404000L0AAAJAJ
323353008,VMP previous to 42014311000001106,323353008,VMP,0404000M0AAAAAA
323358004,VMP previous to 42014511000001100,323358004,VMP,0404000M0AAAJAJ
323359007,VMP previous to 42014411000001104,323359007,VMP,0404000M0AAAKAK
407040005,VMP previous to 42008411000001106,407040005,VMP,0404000S0AAAAAA
407041009,VMP previous to 42008511000001105,407041009,VMP,0404000S0AAACAC
407042002,VMP previous to 42008611000001109,407042002,VMP,0404000S0AAADAD
407043007,VMP previous to 42008711000001100,407043007,VMP,0404000S0AAABAB
407044001,VMP previous to 42008811000001108,407044001,VMP,0404000S0AAAEAE
407778002,VMP previous to 36124011000001108,407778002,VMP,0404000M0AAAQAQ
407881003,VMP previous to 36123511000001103,407881003,VMP,0404000M0AAAMAM
407882005,VMP previous to 36124511000001100,407882005,VMP,0404000M0AAANAN
409440007,VMP previous to 36123411000001102,409440007,VMP,0404000M0AAAUAU
409442004,VMP previous to 36124111000001109,409442004,VMP,0404000M0AAAHAH
409443009,VMP previous to 36124211000001103,409443009,VMP,0404000M0AAATAT
409444003,VMP previous to 36124811000001102,409444003,VMP,0404000M0AAARAR
409445002,VMP previous to 36124311000001106,409445002,VMP,0404000M0AAAVAV
409446001,VMP previous to 36124611000001101,409446001,VMP,0404000M0AAAWAW
419897007,VMP previous to 42008311000001104,419897007,VMP,0404000S0AAAHAH
420189009,VMP previous to 42008911000001103,420189009,VMP,0404000S0AAAFAF
426412009,VMP previous to 42013611000001104,426412009,VMP,0404000U0AAADAD
426493003,VMP previous to 42013411000001102,426493003,VMP,0404000U0AAABAB
426586000,VMP previous to 42013811000001100,426586000,VMP,0404000U0AAAFAF
432411009,VMP previous to 42013311000001109,432411009,VMP,0404000U0AAAAAA
432677009,VMP previous to 42013511000001103,432677009,VMP,0404000U0AAACAC
433011005,VMP previous to 42013711000001108,433011005,VMP,0404000U0AAAEAE
440476002,VMP previous to 36124711000001105,440476002,VMP,0404000M0AAAZAZ
7659411000001104,VMP previous to 42008411000001106,7659411000001104,VMP,0404000S0AAAAAA
7659511000001100,VMP previous to 42008511000001105,7659511000001100,VMP,0404000S0AAACAC
7659611000001101,VMP previous to 42008611000001109,7659611000001101,VMP,0404000S0AAADAD
7659711000001105,VMP previous to 42008711000001100,7659711000001105,VMP,0404000S0AAABAB
7659811000001102,VMP previous to 42008811000001108,7659811000001102,VMP,0404000S0AAAEAE
